model,accuracy,precision,recall,f1-score
Gradient Boosting,0.658034349,0.620196741,0.751816657,0.679693422
Naive Bayes,0.677996583,0.742136659,0.509968325,0.604527885
Decision Tree,0.72007913,0.770783277,0.597726849,0.673313044
XGBoost,0.729161047,0.746081505,0.665176076,0.703309693
SVM,0.729161047,0.784764208,0.604620831,0.683014102
Random Forest,0.729700566,0.763445659,0.637413825,0.694760357
Logistic Regression,0.729790486,0.753651203,0.653810322,0.700189564
KNN,0.730150166,0.753210616,0.655673561,0.701065843